size,sc,split,scale_idx,scale_value,allowed_n,effective_vocab,dead_fraction,perplexity,entropy_bits,top1_share,n_tokens,residual_energy,geom_eff_dim,geom_mean_cos_dist
small,sc341,train,0,1,1,1,0.0,1.0,-0.0,1.0,30000,15012.12109375,2.2403457164764404,0.9958357810974121
small,sc341,train,1,2,9,9,0.0,3.1224094167091287,1.6426597188436003,0.5254416666666667,120000,10473.6728515625,2.2403457164764404,0.9958357810974121
small,sc341,train,2,4,76,76,0.0,14.641673667787392,3.8720085702448026,0.14346458333333334,480000,13123.2587890625,2.2403457164764404,0.9958357810974121
small,sc341,train,3,8,467,467,0.0,124.0087957925664,6.9542986426149,0.022649479166666667,1920000,32855.84375,2.2403457164764404,0.9958357810974121
small,sc341,train,4,16,741,741,0.0,605.2763779072973,9.241450237930058,0.0036049479166666665,7680000,85406.3359375,2.2403457164764404,0.9958357810974121
small,sc341,val,0,1,1,1,0.0,1.0,-0.0,1.0,2000,15012.12109375,2.2403457164764404,0.9958357810974121
small,sc341,val,1,2,9,8,0.11111111111111116,3.51576003726656,1.813836604935328,0.521875,8000,10473.6728515625,2.2403457164764404,0.9958357810974121
small,sc341,val,2,4,76,48,0.368421052631579,15.408666225286675,3.945670082408919,0.14071875,32000,13123.2587890625,2.2403457164764404,0.9958357810974121
small,sc341,val,3,8,467,330,0.29336188436830835,122.17315469980555,6.932783504094983,0.023,128000,32855.84375,2.2403457164764404,0.9958357810974121
small,sc341,val,4,16,741,741,0.0,611.1943846854464,9.2554874785285,0.003759765625,512000,85406.3359375,2.2403457164764404,0.9958357810974121
small,sc917,train,0,1,1,1,0.0,1.0,-0.0,1.0,30000,3549.312744140625,3.7964835166931152,0.9723740816116333
small,sc917,train,1,2,11,11,0.0,4.31522208170073,2.109434809212718,0.319875,120000,1094.2037353515625,3.7964835166931152,0.9723740816116333
small,sc917,train,2,4,85,85,0.0,21.105326510074853,4.3995352435775175,0.09146458333333334,480000,2604.53662109375,3.7964835166931152,0.9723740816116333
small,sc917,train,3,8,842,842,0.0,133.1939418581564,7.057384654691735,0.023565625,1920000,9234.791015625,3.7964835166931152,0.9723740816116333
small,sc917,train,4,16,2524,2524,0.0,1057.0643433918046,10.045847480745977,0.002468359375,7680000,15479.35546875,3.7964835166931152,0.9723740816116333
small,sc917,train,5,24,2564,2564,0.0,2417.761887404559,11.239456452832256,0.0007210648148148148,17280000,15585.2392578125,3.7964835166931152,0.9723740816116333
small,sc917,val,0,1,1,1,0.0,1.0,-0.0,1.0,2000,3549.312744140625,3.7964835166931152,0.9723740816116333
small,sc917,val,1,2,11,9,0.18181818181818177,4.87522628313617,2.2854691829611253,0.316125,8000,1094.2037353515625,3.7964835166931152,0.9723740816116333
small,sc917,val,2,4,85,57,0.3294117647058824,21.292174036623475,4.412251358520936,0.0955625,32000,2604.53662109375,3.7964835166931152,0.9723740816116333
small,sc917,val,3,8,842,635,0.24584323040380052,133.4376817337293,7.060022319369091,0.0260625,128000,9234.791015625,3.7964835166931152,0.9723740816116333
small,sc917,val,4,16,2524,2424,0.03961965134706813,1099.465752451826,10.10258695066722,0.002333984375,512000,15479.35546875,3.7964835166931152,0.9723740816116333
small,sc917,val,5,24,2564,2516,0.018720748829953227,2430.2888893589106,11.246912102391551,0.0006944444444444445,1152000,15585.2392578125,3.7964835166931152,0.9723740816116333
small,sc1941,train,0,1,1,1,0.0,1.0,-0.0,1.0,30000,3491.933349609375,4.694394588470459,0.9934386014938354
small,sc1941,train,1,2,8,8,0.0,1.7588320048270976,0.8146176900996528,0.843775,120000,254.8582305908203,4.694394588470459,0.9934386014938354
small,sc1941,train,2,4,70,70,0.0,11.182225558684928,3.4831354461220827,0.20589375,480000,698.0161743164062,4.694394588470459,0.9934386014938354
small,sc1941,train,3,8,475,475,0.0,63.255342250819034,5.9831154231258665,0.050840625,1920000,2437.00341796875,4.694394588470459,0.9934386014938354
small,sc1941,train,4,16,1675,1675,0.0,408.5870639575987,8.67449971822263,0.0081078125,7680000,4149.1171875,4.694394588470459,0.9934386014938354
small,sc1941,train,5,24,2144,2144,0.0,1099.8529750817966,10.103094966323848,0.002416666666666667,17280000,3804.2724609375,4.694394588470459,0.9934386014938354
small,sc1941,train,6,32,2145,2145,0.0,1972.89281724916,10.946096864533274,0.000988671875,30720000,7041.615234375,4.694394588470459,0.9934386014938354
small,sc1941,val,0,1,1,1,0.0,1.0,-0.0,1.0,2000,3491.933349609375,4.694394588470459,0.9934386014938354
small,sc1941,val,1,2,8,5,0.375,1.9794398401749465,0.9850922211441336,0.78525,8000,254.8582305908203,4.694394588470459,0.9934386014938354
small,sc1941,val,2,4,70,42,0.4,11.345164115731475,3.50400557364106,0.1981875,32000,698.0161743164062,4.694394588470459,0.9934386014938354
small,sc1941,val,3,8,475,338,0.2884210526315789,64.60971065504627,6.0136791090485335,0.0522890625,128000,2437.00341796875,4.694394588470459,0.9934386014938354
small,sc1941,val,4,16,1675,1269,0.24238805970149258,425.5818979735217,8.733292977222767,0.007966796875,512000,4149.1171875,4.694394588470459,0.9934386014938354
small,sc1941,val,5,24,2144,2089,0.025652985074626877,1145.0503647577268,10.161195340965264,0.002236111111111111,1152000,3804.2724609375,4.694394588470459,0.9934386014938354
small,sc1941,val,6,32,2145,2095,0.023310023310023298,1985.8424433161847,10.95553544868477,0.00096044921875,2048000,7041.615234375,4.694394588470459,0.9934386014938354
medium,sc341,train,0,1,1,1,0.0,1.0,-0.0,1.0,30000,3062.204345703125,1.6694328784942627,0.9867274165153503
medium,sc341,train,1,2,17,17,0.0,4.759728353869155,2.2508792387204206,0.41920833333333335,120000,3207.889404296875,1.6694328784942627,0.9867274165153503
medium,sc341,train,2,4,145,145,0.0,37.31817501634611,5.22180653018623,0.052,480000,6231.8525390625,1.6694328784942627,0.9867274165153503
medium,sc341,train,3,8,1177,1177,0.0,382.13182280771605,8.577926595847998,0.006613020833333334,1920000,31953.66015625,1.6694328784942627,0.9867274165153503
medium,sc341,train,4,16,2094,2094,0.0,2032.1775632620888,10.988810748999436,0.00075,7680000,118177.6796875,1.6694328784942627,0.9867274165153503
medium,sc341,val,0,1,1,1,0.0,1.0,-0.0,1.0,2000,3062.204345703125,1.6694328784942627,0.9867274165153503
medium,sc341,val,1,2,17,13,0.23529411764705888,5.73417665365689,2.5195863505897718,0.310125,8000,3207.889404296875,1.6694328784942627,0.9867274165153503
medium,sc341,val,2,4,145,93,0.35862068965517246,39.499758729481215,5.3037719360038365,0.048875,32000,6231.8525390625,1.6694328784942627,0.9867274165153503
medium,sc341,val,3,8,1177,814,0.30841121495327106,373.17379376075667,8.54370386583875,0.0071171875,128000,31953.66015625,1.6694328784942627,0.9867274165153503
medium,sc341,val,4,16,2094,2094,0.0,2019.4887662946521,10.97977440552058,0.000880859375,512000,118177.6796875,1.6694328784942627,0.9867274165153503
medium,sc917,train,0,1,1,1,0.0,1.0,-0.0,1.0,30000,3493.531494140625,3.7255947589874268,0.9850783348083496
medium,sc917,train,1,2,10,10,0.0,2.580190687027448,1.367477690866732,0.5546916666666667,120000,1003.9656982421875,3.7255947589874268,0.9850783348083496
medium,sc917,train,2,4,49,49,0.0,17.19495675276525,4.103913582217634,0.11543125,480000,2489.587158203125,3.7255947589874268,0.9850783348083496
medium,sc917,train,3,8,544,544,0.0,80.44112247985211,6.3298613081171204,0.0306640625,1920000,8311.21875,3.7255947589874268,0.9850783348083496
medium,sc917,train,4,16,1726,1726,0.0,721.7255273926136,9.495306473485858,0.0036134114583333335,7680000,14272.607421875,3.7255947589874268,0.9850783348083496
medium,sc917,train,5,24,1799,1799,0.0,1704.046265755008,10.734748790688979,0.0008935185185185185,17280000,14665.9580078125,3.7255947589874268,0.9850783348083496
medium,sc917,val,0,1,1,1,0.0,1.0,-0.0,1.0,2000,3493.531494140625,3.7255947589874268,0.9850783348083496
medium,sc917,val,1,2,10,8,0.19999999999999996,3.0429830291360402,1.6054862878947211,0.529,8000,1003.9656982421875,3.7255947589874268,0.9850783348083496
medium,sc917,val,2,4,49,40,0.18367346938775508,18.197907355493722,4.185700654023937,0.0999375,32000,2489.587158203125,3.7255947589874268,0.9850783348083496
medium,sc917,val,3,8,544,448,0.17647058823529416,80.38826816529657,6.328913065262526,0.0305,128000,8311.21875,3.7255947589874268,0.9850783348083496
medium,sc917,val,4,16,1726,1689,0.021436848203939762,752.7727686150739,9.556070629617778,0.00348046875,512000,14272.607421875,3.7255947589874268,0.9850783348083496
medium,sc917,val,5,24,1799,1764,0.01945525291828798,1709.2697539556943,10.739164383246209,0.0008871527777777778,1152000,14665.9580078125,3.7255947589874268,0.9850783348083496
medium,sc1941,train,0,1,1,1,0.0,1.0,-0.0,1.0,30000,1640.91162109375,4.592371463775635,0.9907894134521484
medium,sc1941,train,1,2,8,8,0.0,1.9985175220900906,0.9989302217059015,0.743425,120000,326.2280578613281,4.592371463775635,0.9907894134521484
medium,sc1941,train,2,4,45,45,0.0,9.147967865063963,3.1934512978665195,0.21005208333333333,480000,756.723388671875,4.592371463775635,0.9907894134521484
medium,sc1941,train,3,8,445,445,0.0,51.91928432567725,5.698198591727641,0.05135,1920000,2502.60546875,4.592371463775635,0.9907894134521484
medium,sc1941,train,4,16,1747,1747,0.0,397.571909975936,8.6350720181789,0.007548958333333334,7680000,4128.45703125,4.592371463775635,0.9907894134521484
medium,sc1941,train,5,24,2396,2396,0.0,1117.115131499293,10.125562164380854,0.0023142939814814814,17280000,3868.81689453125,4.592371463775635,0.9907894134521484
medium,sc1941,train,6,32,2382,2382,0.0,2185.869083034807,11.093991281777862,0.0008173177083333333,30720000,7320.29248046875,4.592371463775635,0.9907894134521484
medium,sc1941,val,0,1,1,1,0.0,1.0,-0.0,1.0,2000,1640.91162109375,4.592371463775635,0.9907894134521484
medium,sc1941,val,1,2,8,3,0.625,2.1270654036697074,1.0888643944171843,0.698,8000,326.2280578613281,4.592371463775635,0.9907894134521484
medium,sc1941,val,2,4,45,36,0.19999999999999996,9.25153434887707,3.2096926536230455,0.20371875,32000,756.723388671875,4.592371463775635,0.9907894134521484
medium,sc1941,val,3,8,445,307,0.3101123595505618,51.79807041149474,5.694826450335519,0.0552109375,128000,2502.60546875,4.592371463775635,0.9907894134521484
medium,sc1941,val,4,16,1747,1277,0.2690326273611906,414.49699501257015,8.695217832397613,0.006916015625,512000,4128.45703125,4.592371463775635,0.9907894134521484
medium,sc1941,val,5,24,2396,2314,0.03422370617696158,1163.894228160854,10.184744240295407,0.002134548611111111,1152000,3868.81689453125,4.592371463775635,0.9907894134521484
medium,sc1941,val,6,32,2382,2322,0.02518891687657432,2199.3052420884405,11.102832134733202,0.00077880859375,2048000,7320.29248046875,4.592371463775635,0.9907894134521484
large,sc341,train,0,1,1,1,0.0,1.0,-0.0,1.0,30000,2062.787109375,1.8118629455566406,0.9908740520477295
large,sc341,train,1,2,20,20,0.0,6.3248307942355755,2.6610268844579332,0.2779083333333333,120000,2124.42041015625,1.8118629455566406,0.9908740520477295
large,sc341,train,2,4,152,152,0.0,54.98538379812299,5.780976267627386,0.03865416666666667,480000,4576.0966796875,1.8118629455566406,0.9908740520477295
large,sc341,train,3,8,1111,1111,0.0,459.8901358336302,8.845145443512308,0.0052421875,1920000,26482.859375,1.8118629455566406,0.9908740520477295
large,sc341,train,4,16,2038,2038,0.0,1956.5703474371658,10.934111267159526,0.000801953125,7680000,108235.109375,1.8118629455566406,0.9908740520477295
large,sc341,val,0,1,1,1,0.0,1.0,-0.0,1.0,2000,2062.787109375,1.8118629455566406,0.9908740520477295
large,sc341,val,1,2,20,16,0.19999999999999996,7.020319834120642,2.8115367588188334,0.259875,8000,2124.42041015625,1.8118629455566406,0.9908740520477295
large,sc341,val,2,4,152,115,0.24342105263157898,56.91713297630027,5.830791087302582,0.0370625,32000,4576.0966796875,1.8118629455566406,0.9908740520477295
large,sc341,val,3,8,1111,829,0.2538253825382538,440.4884094920148,8.782960247993318,0.005484375,128000,26482.859375,1.8118629455566406,0.9908740520477295
large,sc341,val,4,16,2038,2038,0.0,1949.3217813041495,10.92875654558802,0.00085546875,512000,108235.109375,1.8118629455566406,0.9908740520477295
large,sc917,train,0,1,1,1,0.0,1.0,-0.0,1.0,30000,2563.89697265625,3.007424831390381,0.9912203550338745
large,sc917,train,1,2,9,9,0.0,2.3345711682744064,1.2231575691119305,0.5396666666666666,120000,883.4172973632812,3.007424831390381,0.9912203550338745
large,sc917,train,2,4,43,43,0.0,15.838000691383957,3.9853183233179257,0.12314375,480000,1705.6241455078125,3.007424831390381,0.9912203550338745
large,sc917,train,3,8,514,514,0.0,79.17980274404013,6.307060568159015,0.028833854166666666,1920000,5997.39990234375,3.007424831390381,0.9912203550338745
large,sc917,train,4,16,1498,1498,0.0,850.423110197212,9.732036992327995,0.0031264322916666667,7680000,13872.3525390625,3.007424831390381,0.9912203550338745
large,sc917,train,5,24,1520,1520,0.0,1461.828168977039,10.51355802390466,0.001033275462962963,17280000,15253.36328125,3.007424831390381,0.9912203550338745
large,sc917,val,0,1,1,1,0.0,1.0,-0.0,1.0,2000,2563.89697265625,3.007424831390381,0.9912203550338745
large,sc917,val,1,2,9,8,0.11111111111111116,2.687025993732378,1.4260102777513048,0.505,8000,883.4172973632812,3.007424831390381,0.9912203550338745
large,sc917,val,2,4,43,38,0.11627906976744184,16.76100615970584,4.067036851206728,0.1115,32000,1705.6241455078125,3.007424831390381,0.9912203550338745
large,sc917,val,3,8,514,387,0.24708171206225682,78.83730188817124,6.300806497611185,0.028484375,128000,5997.39990234375,3.007424831390381,0.9912203550338745
large,sc917,val,4,16,1498,1498,0.0,881.2716323978578,9.783442956153738,0.003115234375,512000,13872.3525390625,3.007424831390381,0.9912203550338745
large,sc917,val,5,24,1520,1500,0.013157894736842146,1465.606276111431,10.517281871222307,0.0010555555555555555,1152000,15253.36328125,3.007424831390381,0.9912203550338745
large,sc1941,train,0,1,1,1,0.0,1.0,-0.0,1.0,30000,2521.796875,4.530635356903076,0.9901365041732788
large,sc1941,train,1,2,10,10,0.0,2.2265743520202714,1.1548257885155646,0.5317166666666666,120000,226.42173767089844,4.530635356903076,0.9901365041732788
large,sc1941,train,2,4,45,45,0.0,10.957622039898075,3.4538628417741393,0.20426875,480000,383.16522216796875,4.530635356903076,0.9901365041732788
large,sc1941,train,3,8,362,362,0.0,55.54154670407596,5.79549544833562,0.043244270833333334,1920000,1078.48681640625,4.530635356903076,0.9901365041732788
large,sc1941,train,4,16,1556,1556,0.0,342.9647849393744,8.4219166402209,0.008847265625,7680000,2675.735107421875,4.530635356903076,0.9901365041732788
large,sc1941,train,5,24,2148,2148,0.0,1053.5679326418103,10.041067624850278,0.0024455439814814813,17280000,3559.08544921875,4.530635356903076,0.9901365041732788
large,sc1941,train,6,32,2149,2149,0.0,2006.4922125191172,10.970459841486772,0.00079111328125,30720000,7762.919921875,4.530635356903076,0.9901365041732788
large,sc1941,val,0,1,1,1,0.0,1.0,-0.0,1.0,2000,2521.796875,4.530635356903076,0.9901365041732788
large,sc1941,val,1,2,10,8,0.19999999999999996,2.346819197570129,1.2307066987777624,0.495375,8000,226.42173767089844,4.530635356903076,0.9901365041732788
large,sc1941,val,2,4,45,37,0.1777777777777778,11.996841425321833,3.5845827124006835,0.199625,32000,383.16522216796875,4.530635356903076,0.9901365041732788
large,sc1941,val,3,8,362,245,0.32320441988950277,55.96411560343968,5.806430157145981,0.0428984375,128000,1078.48681640625,4.530635356903076,0.9901365041732788
large,sc1941,val,4,16,1556,1250,0.19665809768637532,361.04110060275644,8.49601927137627,0.008046875,512000,2675.735107421875,4.530635356903076,0.9901365041732788
large,sc1941,val,5,24,2148,2101,0.021880819366852933,1101.3370539984035,10.10504034458689,0.002296875,1152000,3559.08544921875,4.530635356903076,0.9901365041732788
large,sc1941,val,6,32,2149,2116,0.015355979525360608,2018.4204087829723,10.979010983634087,0.0007978515625,2048000,7762.919921875,4.530635356903076,0.9901365041732788
