size,sc,arch,params_M,horizon,best_T,n_T,emd_nsp,emd_vqvae,tke_rse
large,sc1941,s113,113.0,1,1.0,7,0.06206560297117397,0.06562845255136962,0.5224960730270308
large,sc1941,s139,139.0,1,1.0,7,0.06078853681294442,0.06562854533248495,0.5295952809697652
large,sc1941,s31,31.0,1,1.0,7,0.06721938731879751,0.06562854533248495,0.5677413886196981
large,sc1941,s48,48.0,1,1.0,7,0.06299566163276885,0.06562893298244203,0.5284855185180448
large,sc1941,s73,73.0,1,1.0,7,0.06322454477039169,0.0656281508733966,0.5358995216131903
large,sc341,s06,6.0,1,0.7,6,0.22503825673308053,0.2313295077557368,0.7451019474793437
large,sc341,s09,9.0,1,0.7,6,0.25682862366863524,0.2313295077557368,0.7573004383259303
large,sc341,s13,13.0,1,0.7,6,0.2249349135419225,0.2313295077557368,0.7445281263111717
large,sc341,s18,18.0,1,0.8,6,0.2247326629660504,0.2313295077557368,0.7443614980987664
large,sc341,s24,24.0,1,0.7,6,0.22496676748048816,0.2313295077557368,0.744541231771465
large,sc917,s13,13.0,1,0.8,7,0.12522005044315868,0.1259886886062306,0.6771606681685219
large,sc917,s22,22.0,1,0.8,7,0.12265517384586028,0.1259881785032927,0.6740183851091531
large,sc917,s34,34.0,1,0.8,7,0.12258882203245731,0.1259885538478429,0.6728207124298963
large,sc917,s50,50.0,1,0.8,7,0.1226251280282784,0.1259885538478429,0.6706280166450801
large,sc917,s74,74.0,1,1.0,7,0.12372387325399942,0.12598747305601465,0.6727757318947789
medium,sc1941,s113,113.0,1,1.0,7,0.06224552846716074,0.06186107429686561,0.5423299303965905
medium,sc1941,s139,139.0,1,1.0,7,0.061524873330703944,0.06186179245346784,0.5475091432903527
medium,sc1941,s31,31.0,1,1.0,7,0.07379033608949662,0.06186179245346784,0.5677650581113598
medium,sc1941,s48,48.0,1,1.0,7,0.068396902363699,0.06186107429686561,0.5571808107974452
medium,sc1941,s73,73.0,1,1.0,7,0.0643683805722903,0.06186179245346784,0.5494164223321882
medium,sc341,s06,6.0,1,0.8,6,0.23775772782112575,0.2355193812799536,0.7609351309929651
medium,sc341,s09,9.0,1,0.7,6,0.2442284177156268,0.2355193812799536,0.7687068575400201
medium,sc341,s13,13.0,1,0.8,6,0.23967724368570376,0.2355193812799536,0.7603388351269503
medium,sc341,s18,18.0,1,1.2,6,0.23899004469126933,0.2355193812799536,0.7606565250874263
medium,sc341,s24,24.0,1,1.2,6,0.23862388771906687,0.2355199511250695,0.7606015553016411
medium,sc917,s13,13.0,1,0.8,7,0.13224356364563866,0.12344982984502063,0.6735334689581622
medium,sc917,s22,22.0,1,0.8,7,0.12759985287668382,0.12345002108314548,0.6669036218335179
medium,sc917,s34,34.0,1,0.8,7,0.12743838213647068,0.12344655616492133,0.6692255741987524
medium,sc917,s50,50.0,1,0.8,7,0.12373562115166072,0.12344982984502063,0.6646278030310693
medium,sc917,s74,74.0,1,0.8,7,0.12704668966685145,0.12344730466566144,0.663485121345804
small,sc1941,s113,113.0,1,1.0,7,0.09175962568767194,0.08643042262576142,0.5534219889410787
small,sc1941,s139,139.0,1,1.0,7,0.08881919362791171,0.08643334001809352,0.5488445727942571
small,sc1941,s31,31.0,1,1.0,7,0.10148839507767012,0.08643433074955263,0.5822835234752555
small,sc1941,s48,48.0,1,1.0,7,0.0917595405058964,0.08643288346297845,0.5638525224488448
small,sc1941,s73,73.0,1,1.0,7,0.090784444368682,0.08643288346297845,0.5563199402436715
small,sc341,s06,6.0,1,0.7,6,0.4138290880077835,0.4038612456419831,0.8008503254464571
small,sc341,s09,9.0,1,0.7,6,0.4141523077690565,0.40386410373983433,0.803768691967423
small,sc341,s13,13.0,1,0.8,6,0.4159975694307396,0.40386410373983433,0.8001380463446093
small,sc341,s18,18.0,1,0.7,6,0.4124642289458578,0.40386410373983433,0.7993359854519345
small,sc341,s24,24.0,1,0.9,6,0.41218099159656385,0.40386410373983433,0.7993908545112999
small,sc917,s13,13.0,1,0.8,7,0.12721902285104714,0.11640446754769516,0.6714770389894936
small,sc917,s22,22.0,1,0.8,7,0.12052606570395936,0.11640186482455114,0.6664477308700357
small,sc917,s34,34.0,1,0.8,7,0.11948444542298464,0.11640446754769516,0.6633758245553107
small,sc917,s50,50.0,1,0.8,7,0.11441824608361456,0.11640223721294012,0.6559982330003042
small,sc917,s74,74.0,1,0.8,7,0.11970297857943472,0.11640446754769516,0.6592399274892226
large,sc1941,s113,113.0,2,1.0,7,0.06575927520753581,0.06562845255136962,0.5374008178919454
large,sc1941,s139,139.0,2,1.0,7,0.06426851515326792,0.06562854533248495,0.5549531853034957
large,sc1941,s31,31.0,2,1.0,7,0.07386373616097634,0.06562854533248495,0.6033934763858037
large,sc1941,s48,48.0,2,1.0,7,0.06363009340393205,0.06562893298244203,0.5452887213815568
large,sc1941,s73,73.0,2,1.0,7,0.0678223950876012,0.0656281508733966,0.5599016643517432
large,sc341,s06,6.0,2,0.8,6,0.23158068944527355,0.2313295077557368,0.7473990888567809
large,sc341,s09,9.0,2,0.7,6,0.2610477929279446,0.2313295077557368,0.7580448534012106
large,sc341,s13,13.0,2,0.8,6,0.2295252660052622,0.2313295077557368,0.7453447492481307
large,sc341,s18,18.0,2,0.8,6,0.22794896623140343,0.2313295077557368,0.7454511713106701
large,sc341,s24,24.0,2,0.7,6,0.22974551293802584,0.2313295077557368,0.7455542433012511
large,sc917,s13,13.0,2,0.8,7,0.13169033477107395,0.1259886886062306,0.6884215807241163
large,sc917,s22,22.0,2,0.8,7,0.12555815839589818,0.1259881785032927,0.682278847483168
large,sc917,s34,34.0,2,0.8,7,0.1258350461047381,0.1259885538478429,0.6809004090780009
large,sc917,s50,50.0,2,0.8,7,0.1240132086485034,0.1259885538478429,0.6765000409898015
large,sc917,s74,74.0,2,0.8,7,0.12935742783054582,0.12598904720166051,0.6776753662740033
medium,sc1941,s113,113.0,2,1.0,7,0.06681035097886388,0.06186107429686561,0.5520339432803212
medium,sc1941,s139,139.0,2,1.0,7,0.06575855490017635,0.06186179245346784,0.5664329285437157
medium,sc1941,s31,31.0,2,1.0,7,0.08409836896473491,0.06186179245346784,0.5908851493881128
medium,sc1941,s48,48.0,2,1.0,7,0.07155010453997321,0.06186107429686561,0.5738939403073967
medium,sc1941,s73,73.0,2,1.0,7,0.0680406329544806,0.06186179245346784,0.5648153959863107
medium,sc341,s06,6.0,2,0.8,6,0.2431768945881077,0.2355193812799536,0.7629543602467167
medium,sc341,s09,9.0,2,0.7,6,0.25554706407292693,0.2355193812799536,0.7690121498075544
medium,sc341,s13,13.0,2,1.2,6,0.24333053895428172,0.2355193812799536,0.7651635464729929
medium,sc341,s18,18.0,2,0.8,6,0.2428478632185136,0.2355193812799536,0.7607125257439655
medium,sc341,s24,24.0,2,1.2,6,0.24383623310043603,0.2355199511250695,0.7620575634821224
medium,sc917,s13,13.0,2,0.8,7,0.14169548219810016,0.12344982984502063,0.6890169027486615
medium,sc917,s22,22.0,2,0.8,7,0.13729075540350705,0.12345002108314548,0.6787228525315289
medium,sc917,s34,34.0,2,0.8,7,0.13868148182421508,0.12344655616492133,0.6823057349460281
medium,sc917,s50,50.0,2,0.8,7,0.1317506849841509,0.12344982984502063,0.6758225226157167
medium,sc917,s74,74.0,2,0.8,7,0.136971721591924,0.12344730466566144,0.6760549065935506
small,sc1941,s113,113.0,2,1.0,7,0.09019459959609392,0.08643042262576142,0.5579117335128192
small,sc1941,s139,139.0,2,1.0,7,0.08784072455998834,0.08643334001809352,0.5514707358215477
small,sc1941,s31,31.0,2,1.0,7,0.1042612570610237,0.08643433074955263,0.6026391140228828
small,sc1941,s48,48.0,2,1.0,7,0.0820006690143454,0.08643288346297845,0.5716023698696783
small,sc1941,s73,73.0,2,1.0,7,0.08486216614979837,0.08643288346297845,0.5598598158426207
small,sc341,s06,6.0,2,0.7,6,0.41969157997837625,0.4038612456419831,0.803252830618272
small,sc341,s09,9.0,2,0.7,6,0.4191019794699068,0.40386410373983433,0.8057363080369514
small,sc341,s13,13.0,2,0.8,6,0.423058406825971,0.40386410373983433,0.8018213113485888
small,sc341,s18,18.0,2,0.7,6,0.4131019008427508,0.40386410373983433,0.8000742087332184
small,sc341,s24,24.0,2,0.8,6,0.4145824185129752,0.40386410373983433,0.8003478630459673
small,sc917,s13,13.0,2,0.8,7,0.1342158971831029,0.11640446754769516,0.68990550083669
small,sc917,s22,22.0,2,0.8,7,0.12980159777060662,0.11640186482455114,0.680643568957791
small,sc917,s34,34.0,2,0.8,7,0.12769383928851355,0.11640446754769516,0.6763985849265689
small,sc917,s50,50.0,2,0.8,7,0.11856667839241725,0.11640223721294012,0.6654262066265454
small,sc917,s74,74.0,2,0.8,7,0.1290600473082787,0.11640446754769516,0.6736138021753543
large,sc1941,s113,113.0,5,1.0,7,0.080667889670588,0.06562845255136962,0.5678460105752314
large,sc1941,s139,139.0,5,1.0,7,0.08489345132279857,0.06562854533248495,0.6049257194888844
large,sc1941,s31,31.0,5,1.0,7,0.09103009226427512,0.06562854533248495,0.653077215988158
large,sc1941,s48,48.0,5,1.0,7,0.07775809814126135,0.06562893298244203,0.5749901402577966
large,sc1941,s73,73.0,5,1.2,7,0.09566955918183084,0.06562900918261808,0.624628033383624
large,sc341,s06,6.0,5,0.7,6,0.23005176232045704,0.2313295077557368,0.7503395486614405
large,sc341,s09,9.0,5,0.9,6,0.2760262892754003,0.2313295077557368,0.7616204993700313
large,sc341,s13,13.0,5,0.8,6,0.22572536369689927,0.2313295077557368,0.747508668539513
large,sc341,s18,18.0,5,1.0,6,0.2281326757343597,0.2313295077557368,0.7481207477577019
large,sc341,s24,24.0,5,0.7,6,0.22634040634875097,0.2313295077557368,0.7470889507433719
large,sc917,s13,13.0,5,0.8,7,0.13908591617383995,0.1259886886062306,0.7054648104540082
large,sc917,s22,22.0,5,0.8,7,0.12504625811903647,0.1259881785032927,0.6964290816213815
large,sc917,s34,34.0,5,0.8,7,0.12579097410247295,0.1259885538478429,0.6953937158377751
large,sc917,s50,50.0,5,0.8,7,0.1246869327929318,0.1259885538478429,0.6899465780054587
large,sc917,s74,74.0,5,0.8,7,0.12714069231177402,0.12598904720166051,0.6924582067227099
medium,sc1941,s113,113.0,5,1.0,7,0.08174477866226526,0.06186107429686561,0.5754466551835894
medium,sc1941,s139,139.0,5,1.0,7,0.08900708202088711,0.06186179245346784,0.6127402136339128
medium,sc1941,s31,31.0,5,1.0,7,0.11047937726665008,0.06186179245346784,0.6348118656717002
medium,sc1941,s48,48.0,5,1.0,7,0.08387533580817744,0.06186107429686561,0.6045162209948491
medium,sc1941,s73,73.0,5,1.0,7,0.07975760915669791,0.06186179245346784,0.5969519788686292
medium,sc341,s06,6.0,5,0.7,6,0.23897367314426027,0.2355203272648379,0.7657046959822853
medium,sc341,s09,9.0,5,0.7,6,0.2597497346974072,0.2355193812799536,0.7730072820396585
medium,sc341,s13,13.0,5,0.8,6,0.2362004510590386,0.2355193812799536,0.7646700789384581
medium,sc341,s18,18.0,5,0.7,6,0.23763881586403385,0.2355193812799536,0.762501102019312
medium,sc341,s24,24.0,5,0.9,6,0.23718613634931013,0.2355193812799536,0.7633819983902993
medium,sc917,s13,13.0,5,0.8,7,0.14062803369981142,0.12344982984502063,0.7131606288595219
medium,sc917,s22,22.0,5,0.8,7,0.13684459006741,0.12345002108314548,0.696888733434391
medium,sc917,s34,34.0,5,0.8,7,0.13793031518175086,0.12344655616492133,0.703474541333563
medium,sc917,s50,50.0,5,0.8,7,0.13534062432773047,0.12344982984502063,0.6969624743472868
medium,sc917,s74,74.0,5,0.8,7,0.13511688181249054,0.12344730466566144,0.7004285981162383
small,sc1941,s113,113.0,5,1.0,7,0.08730944561789562,0.08643042262576142,0.5672300904794212
small,sc1941,s139,139.0,5,1.0,7,0.08701422312407003,0.08643334001809352,0.5608159598133703
small,sc1941,s31,31.0,5,1.0,7,0.11061878568827084,0.08643433074955263,0.6364572467805727
small,sc1941,s48,48.0,5,1.0,7,0.07905657168295138,0.08643288346297845,0.586313404660402
small,sc1941,s73,73.0,5,1.0,7,0.08611605622888541,0.08643288346297845,0.5732848836827429
small,sc341,s06,6.0,5,1.2,6,0.38928984253868426,0.40386022856393256,0.8293235218108667
small,sc341,s09,9.0,5,0.7,6,0.4138278978237508,0.40386410373983433,0.8107073650806907
small,sc341,s13,13.0,5,1.2,6,0.4046051516241494,0.40386410373983433,0.8145717949035736
small,sc341,s18,18.0,5,0.7,6,0.4011020214061696,0.40386410373983433,0.8046149441363443
small,sc341,s24,24.0,5,1.1,6,0.3993557501423795,0.40386410373983433,0.808008289683478
small,sc917,s13,13.0,5,0.8,7,0.1304348893053076,0.11640446754769516,0.7172930210541026
small,sc917,s22,22.0,5,0.8,7,0.1182729943291954,0.11640186482455114,0.703840565787026
small,sc917,s34,34.0,5,0.8,7,0.1184120176936984,0.11640446754769516,0.6985092006806667
small,sc917,s50,50.0,5,0.8,7,0.11153188918686664,0.11640223721294012,0.6818498749066614
small,sc917,s74,74.0,5,0.8,7,0.1321089221613705,0.11640446754769516,0.6992713811658942
large,sc1941,s113,113.0,10,1.0,7,0.11043884188695607,0.06562845255136962,0.6058616733240781
large,sc1941,s139,139.0,10,1.0,7,0.11827660844982785,0.06562854533248495,0.6608008638314891
large,sc1941,s31,31.0,10,1.0,7,0.09437251011544737,0.06562854533248495,0.6934763814939703
large,sc1941,s48,48.0,10,1.0,7,0.08461969541134773,0.06562893298244203,0.6024044943855168
large,sc1941,s73,73.0,10,1.0,7,0.11812888380067782,0.0656281508733966,0.6470134081956732
large,sc341,s06,6.0,10,0.7,6,0.24183857620508775,0.2313295077557368,0.7556868103254613
large,sc341,s09,9.0,10,1.2,6,0.2680076402033044,0.23133269747047583,0.7705326713839437
large,sc341,s13,13.0,10,0.8,6,0.21972341720697927,0.2313295077557368,0.7500508133735736
large,sc341,s18,18.0,10,1.2,6,0.21881895306654653,0.2313295077557368,0.7546394533284303
large,sc341,s24,24.0,10,0.7,6,0.22829924932105572,0.2313295077557368,0.7497850216769224
large,sc917,s13,13.0,10,0.8,7,0.13606148720375633,0.1259886886062306,0.720440770893356
large,sc917,s22,22.0,10,0.8,7,0.11397425663838898,0.1259881785032927,0.7072026121288612
large,sc917,s34,34.0,10,0.8,7,0.12326243719595573,0.1259885538478429,0.7052330185122885
large,sc917,s50,50.0,10,0.8,7,0.1217933165951352,0.1259885538478429,0.7026903411526202
large,sc917,s74,74.0,10,0.8,7,0.12634119394326018,0.12598904720166051,0.7095608737121597
medium,sc1941,s113,113.0,10,1.0,7,0.11120627210612592,0.06186107429686561,0.6071447228634568
medium,sc1941,s139,139.0,10,1.0,7,0.13536461323846402,0.06186179245346784,0.6695705324268894
medium,sc1941,s31,31.0,10,1.0,7,0.1359895147746224,0.06186179245346784,0.6753934881047887
medium,sc1941,s48,48.0,10,1.0,7,0.09205315476813077,0.06186107429686561,0.6361788319889609
medium,sc1941,s73,73.0,10,1.0,7,0.10670873847844072,0.06186179245346784,0.6325448608225787
medium,sc341,s06,6.0,10,0.8,6,0.24616152047795783,0.2355193812799536,0.7742162660421475
medium,sc341,s09,9.0,10,0.7,6,0.2786398321823086,0.2355193812799536,0.7761877106671037
medium,sc341,s13,13.0,10,0.8,6,0.2383852450440936,0.2355193812799536,0.768640506764155
medium,sc341,s18,18.0,10,1.1,6,0.23954664141694804,0.2355193812799536,0.7753701873254214
medium,sc341,s24,24.0,10,1.0,6,0.24011378498576652,0.2355193812799536,0.7703320709599352
medium,sc917,s13,13.0,10,0.8,7,0.13718568676515952,0.12344982984502063,0.7303501364831853
medium,sc917,s22,22.0,10,0.8,7,0.1358733486238718,0.12345002108314548,0.7103047485816089
medium,sc917,s34,34.0,10,0.8,7,0.12923264806131446,0.12344655616492133,0.7162177426088772
medium,sc917,s50,50.0,10,0.8,7,0.12940557224909222,0.12344982984502063,0.7134293221851208
medium,sc917,s74,74.0,10,0.8,7,0.14384516310224585,0.12344730466566144,0.7215988431523711
small,sc1941,s113,113.0,10,1.0,7,0.10219118133697744,0.08643042262576142,0.5858997232510557
small,sc1941,s139,139.0,10,1.0,7,0.09391088615958389,0.08643334001809352,0.5758401681873765
small,sc1941,s31,31.0,10,1.0,7,0.12647504568754692,0.08643433074955263,0.669723950108698
small,sc1941,s48,48.0,10,1.0,7,0.09127784372318525,0.08643288346297845,0.6060126770384076
small,sc1941,s73,73.0,10,1.0,7,0.09379785668355033,0.08643288346297845,0.5891107392063185
small,sc341,s06,6.0,10,1.2,6,0.34959294759894083,0.40386022856393256,0.845581002585765
small,sc341,s09,9.0,10,0.7,6,0.4174159367673841,0.40386410373983433,0.8168003592037235
small,sc341,s13,13.0,10,1.2,6,0.38525581617895904,0.40386410373983433,0.8274580144860787
small,sc341,s18,18.0,10,1.1,6,0.3775532614592863,0.40386410373983433,0.8192934564665787
small,sc341,s24,24.0,10,1.2,6,0.3881660072550904,0.40386410373983433,0.8186498809993223
small,sc917,s13,13.0,10,0.8,7,0.12814043246578977,0.11640446754769516,0.7372078802230555
small,sc917,s22,22.0,10,0.8,7,0.12052414088993887,0.11640186482455114,0.7206435148667987
small,sc917,s34,34.0,10,0.8,7,0.10325038505810222,0.11640446754769516,0.7146449016500525
small,sc917,s50,50.0,10,0.8,7,0.1026311434639868,0.11640223721294012,0.6977529524580276
small,sc917,s74,74.0,10,0.8,7,0.12905959748618587,0.11640446754769516,0.7226255354701584
