size,sc,arch,arm,emd,best_T_emd,gap,floor,ratio_to_floor,collapse_thr,collapsed,collapse_rate
large,sc1941,s139,etmodel,0.928798120693534,0.15650048195560784,0.7722976387379261,0.056480780486145826,16.444498689626975,0.11296156097229165,True,1
large,sc1941,s139,etpool,0.6425692205594585,0.15650048195560784,0.4860687386038507,0.056480780486145826,11.37677657831011,0.11296156097229165,True,1
large,sc1941,s139,etpos,0.6125801053215127,0.15650048195560784,0.4560796233659049,0.056480780486145826,10.845815161349842,0.11296156097229165,True,1
large,sc1941,s139,tophabs,0.8404643923232971,0.15650048195560784,0.6839639103676892,0.056480780486145826,14.880537858882008,0.11296156097229165,True,1
large,sc1941,s139,typical,0.8761958985024192,0.15650048195560784,0.7196954165468114,0.056480780486145826,15.513169098598794,0.11296156097229165,True,1
large,sc1941,s139,minp,0.9213286950608244,0.15650048195560784,0.7648282131052165,0.056480780486145826,16.312251479719144,0.11296156097229165,True,1
large,sc1941,s139,invedt,0.8885759402427917,0.15650048195560784,0.7320754582871839,0.056480780486145826,15.732359443240176,0.11296156097229165,True,1
large,sc341,s24,etmodel,0.20871829246589504,0.19104302974836732,0.01767526271752773,0.21914733881259235,0.9524108008648196,0.4382946776251847,False,0
large,sc341,s24,etpool,1.5830783433042552,0.19104302974836732,1.3920353135558878,0.21914733881259235,7.223808200828996,0.4382946776251847,True,1
large,sc341,s24,etpos,1.271423540877326,0.19104302974836732,1.0803805111289586,0.21914733881259235,5.801683688089892,0.4382946776251847,True,1
large,sc341,s24,tophabs,0.18858897184335893,0.19104302974836732,-0.0024540579050083833,0.21914733881259235,0.8605578916230147,0.4382946776251847,False,0
large,sc341,s24,typical,0.18930509468274975,0.19104302974836732,-0.001737935065617563,0.21914733881259235,0.8638256604367771,0.4382946776251847,False,0
large,sc341,s24,minp,0.19045991110384616,0.19104302974836732,-0.0005831186445211523,0.21914733881259235,0.8690952495057276,0.4382946776251847,False,0
large,sc341,s24,invedt,0.19418526811352976,0.19104302974836732,0.0031422383651624475,0.21914733881259235,0.8860945753011888,0.4382946776251847,False,0
large,sc917,s74,etmodel,0.3462776742034725,0.22340331098172167,0.12287436322175083,0.11614548316610208,2.981413179092411,0.23229096633220417,True,1
large,sc917,s74,etpool,0.9860924835265426,0.22340331098172167,0.7626891725448208,0.11614548316610208,8.490149221871254,0.23229096633220417,True,1
large,sc917,s74,etpos,0.873789147149159,0.22340331098172167,0.6503858361674373,0.11614548316610208,7.523229688575447,0.23229096633220417,True,1
large,sc917,s74,tophabs,0.2971547297852766,0.22340331098172167,0.0737514188035549,0.11614548316610208,2.5584699609911596,0.23229096633220417,True,0.9375
large,sc917,s74,typical,0.3024589711491816,0.22340331098172167,0.0790556601674599,0.11614548316610208,2.604138903246273,0.23229096633220417,True,0.984375
large,sc917,s74,minp,0.3046460631418074,0.22340331098172167,0.08124275216008575,0.11614548316610208,2.622969527847473,0.23229096633220417,True,0.9609375
large,sc917,s74,invedt,0.311655158179068,0.22340331098172167,0.08825184719734636,0.11614548316610208,2.6833170751320865,0.23229096633220417,True,0.9921875
medium,sc1941,s139,etmodel,2.819851626290876,0.20450434883616744,2.6153472774547084,0.05505938566979833,51.21473100339451,0.11011877133959666,True,1
medium,sc1941,s139,etpool,0.9187078089954628,0.20450434883616744,0.7142034601592954,0.05505938566979833,16.685762069797313,0.11011877133959666,True,1
medium,sc1941,s139,etpos,0.8987759662189347,0.20450434883616744,0.6942716173827673,0.05505938566979833,16.32375580085594,0.11011877133959666,True,1
medium,sc1941,s139,tophabs,2.6244486030898115,0.20450434883616744,2.419944254253644,0.05505938566979833,47.66578070502152,0.11011877133959666,True,1
medium,sc1941,s139,typical,2.8276518991482287,0.20450434883616744,2.623147550312061,0.05505938566979833,51.35640117937745,0.11011877133959666,True,1
medium,sc1941,s139,minp,3.1136599850567426,0.20450434883616744,2.909155636220575,0.05505938566979833,56.550939447998154,0.11011877133959666,True,1
medium,sc1941,s139,invedt,2.965380302331762,0.20450434883616744,2.7608759534955944,0.05505938566979833,53.857853048265284,0.11011877133959666,True,1
medium,sc341,s24,etmodel,0.20295582440427948,0.19135910375129336,0.011596720652986114,0.2254469332791052,0.9002376810023779,0.4508938665582104,False,0
medium,sc341,s24,etpool,1.114960926613243,0.19135910375129336,0.9236018228619496,0.2254469332791052,4.945558187003201,0.4508938665582104,True,1
medium,sc341,s24,etpos,0.9440227685356908,0.19135910375129336,0.7526636647843974,0.2254469332791052,4.187339143651081,0.4508938665582104,True,1
medium,sc341,s24,tophabs,0.1961725161099274,0.19135910375129336,0.004813412358634028,0.2254469332791052,0.8701494105802015,0.4508938665582104,False,0
medium,sc341,s24,typical,0.19346956910208313,0.19135910375129336,0.002110465350789764,0.2254469332791052,0.8581601279205079,0.4508938665582104,False,0
medium,sc341,s24,minp,0.2006499253341809,0.19135910375129336,0.009290821582887548,0.2254469332791052,0.8900095575297741,0.4508938665582104,False,0
medium,sc341,s24,invedt,0.2029005353384991,0.19135910375129336,0.011541431587205747,0.2254469332791052,0.8999924389625941,0.4508938665582104,False,0
medium,sc917,s74,etmodel,0.5122719955019273,0.1956630573189665,0.31660893818296076,0.113527191737078,4.512328611882849,0.227054383474156,True,1
medium,sc917,s74,etpool,0.7652117743713232,0.1956630573189665,0.5695487170523567,0.113527191737078,6.740339143978005,0.227054383474156,True,1
medium,sc917,s74,etpos,0.7293424778923021,0.1956630573189665,0.5336794205733356,0.113527191737078,6.424385794562896,0.227054383474156,True,1
medium,sc917,s74,tophabs,0.4840562447381313,0.1956630573189665,0.2883931874191648,0.113527191737078,4.263791232140894,0.227054383474156,True,1
medium,sc917,s74,typical,0.49907830582110607,0.1956630573189665,0.3034152485021396,0.113527191737078,4.396112492388086,0.227054383474156,True,1
medium,sc917,s74,minp,0.5115774634551116,0.1956630573189665,0.3159144061361451,0.113527191737078,4.506210852461616,0.227054383474156,True,1
medium,sc917,s74,invedt,0.5084193688072614,0.1956630573189665,0.31275631148829486,0.113527191737078,4.478392894494646,0.227054383474156,True,1
small,sc1941,s139,etmodel,5.973118172169479,0.19600488948428155,5.777113282685198,0.08160031603439129,73.19969409986166,0.16320063206878258,True,1
small,sc1941,s139,etpool,1.7103650401305608,0.19600488948428155,1.5143601506462792,0.08160031603439129,20.960274705427732,0.16320063206878258,True,1
small,sc1941,s139,etpos,1.6617699497299894,0.19600488948428155,1.4657650602457077,0.08160031603439129,20.364748943246976,0.16320063206878258,True,1
small,sc1941,s139,tophabs,5.668275145750765,0.19600488948428155,5.472270256266484,0.08160031603439129,69.46388716634152,0.16320063206878258,True,1
small,sc1941,s139,typical,5.735996341992212,0.19600488948428155,5.539991452507931,0.08160031603439129,70.29380057271737,0.16320063206878258,True,1
small,sc1941,s139,minp,5.750893694956312,0.19600488948428155,5.5548888054720305,0.08160031603439129,70.47636546569916,0.16320063206878258,True,1
small,sc1941,s139,invedt,5.762332495062607,0.19600488948428155,5.5663276055783255,0.08160031603439129,70.6165462966346,0.16320063206878258,True,1
small,sc341,s24,etmodel,0.2561896299469883,0.2164564733638782,0.03973315658311011,0.39952048221475633,0.6412427931774405,0.7990409644295127,False,0
small,sc341,s24,etpool,1.309647157648533,0.2164564733638782,1.0931906842846546,0.39952048221475633,3.278047599433341,0.7990409644295127,True,1
small,sc341,s24,etpos,1.2130446984865404,0.2164564733638782,0.9965882251226622,0.39952048221475633,3.036251587808422,0.7990409644295127,True,1
small,sc341,s24,tophabs,0.2436347875360215,0.2164564733638782,0.02717831417214331,0.39952048221475633,0.6098180153003,0.7990409644295127,False,0
small,sc341,s24,typical,0.2204544357334831,0.2164564733638782,0.003997962369604924,0.39952048221475633,0.5517975812188299,0.7990409644295127,False,0
small,sc341,s24,minp,0.20739439185916103,0.2164564733638782,-0.009062081504717157,0.39952048221475633,0.5191082837842572,0.7990409644295127,False,0
small,sc341,s24,invedt,0.2251333585440451,0.2164564733638782,0.008676885180166904,0.39952048221475633,0.5635089277426032,0.7990409644295127,False,0
small,sc917,s74,etmodel,0.5584424896357485,0.1879118366738015,0.370530652961947,0.10617381309153318,5.259700799803728,0.21234762618306635,True,1
small,sc917,s74,etpool,0.7963511342269634,0.1879118366738015,0.6084392975531618,0.10617381309153318,7.500447719066316,0.21234762618306635,True,1
small,sc917,s74,etpos,0.8058799750210703,0.1879118366738015,0.6179681383472688,0.10617381309153318,7.590195280321294,0.21234762618306635,True,1
small,sc917,s74,tophabs,0.5087100547355481,0.1879118366738015,0.3207982180617466,0.10617381309153318,4.791294952334297,0.21234762618306635,True,1
small,sc917,s74,typical,0.5276813592587593,0.1879118366738015,0.33976952258495774,0.10617381309153318,4.969976530878113,0.21234762618306635,True,1
small,sc917,s74,minp,0.541406879601017,0.1879118366738015,0.35349504292721545,0.10617381309153318,5.0992505951939995,0.21234762618306635,True,1
small,sc917,s74,invedt,0.5351924231728477,0.1879118366738015,0.34728058649904614,0.10617381309153318,5.040719623693411,0.21234762618306635,True,1
